name,brand,sale,processor_type,processor,fab,ram_type,rom_type,display_type,size,curved_display,refresh_rate,hbm,protection,ppi,battery,charging_speed,thickness,back_material,frame_material,weight,launch_date,camera_number,useful_camera_number,main,camera_sensor_name,ultrawide,third,third_mp,fourth,fourth_mp,rear_video,front,front_video,colors,antutu,geekbench_single,geekbench_multiple,speaker,wireless_charging,ip_rating,price
CMF Phone 1,Nothing,Online,Mediatek,Dimensity 7300,4,LPDDR4X,UFS 2.2,Amoled,6.67,0,120,,,395,5000,33,8.2,Plastic,Plastic,202,08-07-2024,2,1,50,,,Useless,2,,,"4, 30",16,"4, 30",3,646635,1013,2949,Mono,0,52,16000
CMF Phone 2 Pro,Nothing,Online,Mediatek,Dimensity 7300,4,LPDDR4X,UFS 2.2,Amoled,6.77,0,120,1300,"Panda Glass, ",388,5000,33,7.8,Plastic,Plastic,185,28-05-2025,3,3,50,,8,Telephoto - 2x,50,,,"4, 30",16,"4, 30",4,704101,1013,2936,Mono,0,54,19000
Galaxy A07,Samsung,Offline,Mediatek,Dimensity 6300,6,LPDDR4X,UFS 2.2,IPS LCD,6.7,0,120,800,,262,6000,25,8.2,Plastic,Plastic,199,05-02-2026,2,1,50,,,Useless,2,,,"1, 60",8,"1, 30",2,450401,731,2012,Mono,0,54,16000
Galaxy A17,Samsung,Offline,Exynos,1330,5,LPDDR4X,UFS 2.2,Amoled,6.7,0,90,800,"Corning, GG Victus",358,5000,25,7.5,Plastic,Plastic,193,29-08-2025,3,2,50,,5,Useless,2,,,"1, 30",13,"1, 30",3,473905,942,2137,Mono,0,54,19000
Galaxy A27,Samsung,Offline,Snapdragon,6 Gen 3,4,LPDDR5X,UFS 3.1,Amoled,6.7,0,120,800,"Corning, GG Victus +",385,5000,25,7.8,Glass,Plastic,200,25-06-2026,2,2,50,,5,Useless,2,,,"4, 30",12,"1, 30",3,892500,1080,3192,Mono,0,64,32000
Galaxy A36,Samsung,Offline,Snapdragon,6 Gen 3,4,LPDDR5,UFS 2.2,Amoled,6.7,0,120,1200,"Corning, GG Victus+",385,5000,45,7.4,Glass,Plastic,195,02-03-2025,3,3,50,,8,Macro,5,,,"4, 30",12,"1, 30",3,620000,1060,3070,Stereo,0,67,36500
Galaxy A37,Samsung,Offline,Exynos,1480,4,LPDDR5X,UFS 3.1,Amoled,6.7,0,120,1200,"Corning, GG Victus +",385,5000,45,7.4,Glass,Plastic,196,25-03-2026,3,2,50,,8,Macro,5,,,"4, 30",12,"4, 60",4,713393,1158,3401,Stereo,0,68,42000
Galaxy A56,Samsung,Offline,Exynos,1580,4,LPDDR5,UFS 3.1,Amoled,6.7,0,120,1200,"Corning, GG Victus+",385,5000,45,7.4,Glass,Aluminium,198,02-03-2025,3,3,50,,12,Macro,5,,,"4, 30",12,"1, 30",3,908689,1380,3877,Stereo,0,67,45000
Galaxy A57,Samsung,Offline,Exynos,1680,4,LPDDR5X,UFS 3.1,Amoled,6.7,0,120,1200,"Corning, GG Victus +",385,5000,45,6.9,Glass,Aluminium,179,25-03-2026,3,2,50,,12,Macro,5,,,"4, 30",12,"4, 30",4,1381157,1361,4446,Stereo,0,68,57000
Galaxy F17,Samsung,Online,Exynos,1330,5,LPDDR4X,UFS 2.2,Amoled,6.7,0,90,800,"Corning, GG Victus",385,5000,25,7.5,Plastic,Plastic,193,29-08-2025,3,2,50,,5,Useless,2,,,"1, 30",13,"1, 30",3,473905,942,2137,Mono,0,54,16000
Galaxy F36,Samsung,Online,Exynos,1380,4,LPDDR4X,UFS 2.2,Amoled,6.7,0,120,800,"Corning, GG Victus+",385,5000,25,7.7,Plastic,Plastic,197,29-07-2025,3,2,50,,8,Useless,2,,,"4, 30",13,"4, 30",3,595209,1004,2886,Mono,0,52,21000
Galaxy F56,Samsung,Online,Exynos,1480,4,LPDDR5X,UFS 3.1,Amoled,6.74,0,120,1200,"Corning, GG Victus+",382,5000,45,7.2,Glass,Aluminium,180,08-05-2025,3,2,50,,8,Useless,2,,,"4, 30",12,"1, 30",2,734661,1153,3456,Mono,0,52,28000
Galaxy F70e,Samsung,Online,Mediatek,Dimensity 6300,6,LPDDR4X,UFS 2.2,IPS LCD,6.7,0,120,800,,262,6000,25,8.2,Leather,Plastic,199,09-02-2026,2,1,50,,,Useless,2,,,"1, 60",8,"1, 30",2,450401,731,2012,Mono,0,54,14500
Galaxy M17,Samsung,Online,Exynos,1330,5,LPDDR4X,UFS 2.2,Amoled,6.7,0,90,800,"Corning, GG Victus",385,5000,25,7.5,Plastic,Plastic,193,10-10-2025,3,2,50,,5,Useless,2,,,"1, 30",13,"1, 30",3,473905,942,2137,Mono,0,54,16500
Galaxy M17e,Samsung,Online,Mediatek,Dimensity 6300,6,LPDDR4X,UFS 2.2,IPS LCD,6.7,0,120,800,,262,6000,25,8.2,Plastic,Plastic,199,17-03-2026,2,1,50,,,Useless,2,,,"1, 60",8,"1, 30",2,450401,731,2012,Mono,0,54,14000
Galaxy M35,Samsung,Online,Exynos,1380,4,LPDDR4X,UFS 2.2,Amoled,6.6,0,120,1000,"Corning, GG Victus+",390,6000,25,9.1,Plastic,Plastic,222,24-05-2024,3,2,50,,8,Useless,2,,,"4, 30",13,"1, 60",3,603573,1008,2926,Stereo,0,52,20000
Galaxy M36,Samsung,Online,Exynos,1380,4,LPDDR4X,UFS 2.2,Amoled,6.7,0,120,800,"Corning, GG Victus+",385,5000,25,7.7,Plastic,Plastic,197,27-06-2025,3,2,50,,8,Useless,2,,,"4, 30",13,"4, 30",3,595209,1004,2886,Mono,0,52,21000
Galaxy M47,Samsung,Online,Snapdragon,6 Gen 3,4,LPDDR5X,UFS 3.1,Amoled,6.7,0,120,800,"Corning, GG Victus +",385,6000,45,7.8,Glass,Plastic,200,29-06-2026,2,2,50,,5,Useless,2,,,"4, 30",12,"1, 30",2,892500,1080,3192,Mono,0,64,33000
Galaxy M56,Samsung,Online,Exynos,1480,4,LPDDR5X,UFS 3.1,Amoled,6.74,0,120,1200,"Corning, GG Victus+",382,5000,45,7.2,Glass,Aluminium,180,17-04-2025,3,2,50,,8,Useless,2,,,"4, 30",12,"1, 30",2,734661,1153,3456,Mono,0,52,29000
Galaxy S24,Samsung,Flagship,Exynos,2400,3,LPDDR5X,UFS 4.0,Amoled,6.2,0,120,1400,"Corning, GG Victus 2",416,4000,25,7.6,Glass,Aluminium,168,17-01-2024,3,3,50,,12,Telephoto - 3x,10,,,"4, 60",12,"4, 60",7,1696727,1944,6261,Stereo,1,68,80000
Galaxy S24 Snapdragon,Samsung,Both,Snapdragon,8 Gen 3,4,LPDDR5X,UFS 4.0,Amoled,6.2,0,120,1400,"Corning, GG Victus 2",416,4000,25,7.6,Glass,Aluminium,168,23-09-2025,3,3,50,,12,Telephoto - 3x,10,,,"4, 60",12,"4, 60",7,1922733,2051,6357,Stereo,1,68,40000
Galaxy S25,Samsung,Flagship,Snapdragon,8 Elite,3,LPDDR5X,UFS 4.0,Amoled,6.2,0,120,1400,"Corning, GG Victus 2",416,4000,25,7.2,Glass,Aluminium,162,22-01-2025,3,3,50,,12,Telephoto - 3x,10,,,"4, 60",12,"4, 60",7,2342380,2769,9366,Stereo,1,68,81000
Galaxy S25 Edge,Samsung,Flagship,Snapdragon,8 Elite,3,LPDDR5X,UFS 4.0,Amoled,6.7,0,120,1400,"Corning, GG Ceramic2",513,3900,25,5.8,Glass,Titanium,163,13-05-2025,2,2,200,Samsung HP 2,12,,,,,"4, 60",12,"4, 60",2,2147084,2223,8012,Stereo,1,68,110000
Galaxy S25 FE,Samsung,Flagship,Exynos,2400,3,LPDDR5X,UFS 4.0,Amoled,6.7,0,120,1300,"Corning, GG Victus+",385,4900,45,7.4,Glass,Aluminium,190,04-09-2025,3,3,50,,12,Telephoto - 3x,8,,,"4, 60",12,"4, 60",3,2073050,2064,6948,Stereo,1,69,60000
Galaxy S25 Ultra,Samsung,Flagship,Snapdragon,8 Elite,3,LPDDR5X,UFS 4.0,Amoled,6.9,0,120,1400,"Corning, GG Armor 2",498,5000,45,8.2,Glass,Titanium,218,22-01-2025,4,4,200,Samsung HP 2,50,Telephoto - 5x,50,Telephoto - 3x,10,"4, 60",12,"4, 60",7,2733149,2888,9531,Stereo,1,68,130000
Galaxy S25+,Samsung,Flagship,Snapdragon,8 Elite,3,LPDDR5X,UFS 4.0,Amoled,6.7,0,120,1400,"Corning, GG Victus 2",513,4900,45,7.3,Glass,Aluminium,190,22-01-2025,3,3,50,,12,Telephoto - 3x,10,,,"4, 60",12,"4, 60",7,2528942,2876,9527,Stereo,1,68,100000
Galaxy S26,Samsung,Flagship,Exynos,2600,2,LPDDR5X,UFS 4.0,Amoled,6.3,0,120,,"Corning, GG Victus 2",411,4300,25,7.2,Glass,Aluminium,167,25-02-2026,3,3,50,,12,Telephoto - 3x,10,,,"4, 60",12,"4, 60",6,3504102,3203,11097,Stereo,1,68,88000
Galaxy S26 Ultra,Samsung,Flagship,Snapdragon,8 Elite Gen 5,3,LPDDR5X,UFS 4.0,Amoled,6.9,0,120,,"Corning, GG Armor 2",500,5000,60,7.9,Glass,Aluminium,214,25-02-2026,4,4,200,Samsung HPA,50,Telephoto - 5x,50,Telephoto - 3x,10,"4, 60",12,"4, 60",6,3804457,3781,11566,Stereo,1,68,140000
Galaxy S26+,Samsung,Flagship,Exynos,2600,2,LPDDR5X,UFS 4.0,Amoled,6.7,0,120,,"Corning, GG Victus 2",516,4900,45,7.3,Glass,Aluminium,190,25-02-2026,3,3,50,,12,Telephoto - 3x,10,,,"4, 60",12,"4, 60",6,3115908,3240,11297,Stereo,1,68,120000
Infinix GT 30,Infinix,Both,Mediatek,Dimensity 7400,4,LPDDR5X,UFS 2.2,Amoled,6.78,0,144,1600,"Corning, GG 7i",440,5500,45,8,Plastic,Plastic,187,08-08-2025,2,2,64,Sony IMX 682,8,,,,,"4, 30",13,"4, 30",3,714721,1079,3082,Stereo,0,64,19500
Infinix GT 30 Pro,Infinix,Both,Mediatek,Dimensity 8350,4,LPDDR5X,UFS 4.0,Amoled,6.78,0,144,1600,"Corning, GG 7i",440,5500,45,8,Plastic,Plastic,191,03-06-2025,2,2,108,,8,,,,,"4, 60",13,"4, 30",2,1424402,1204,4057,Stereo,1,64,25000
Infinix Note 50s ,Infinix,Both,Mediatek,Dimensity 7300,4,LPDDR5X,UFS 2.2,Amoled,6.78,1,144,,"Corning, GG 5",393,5500,45,7.6,Leather,Plastic,180,18-04-2025,2,1,64,Sony IMX 682,,Useless,2,,,"4, 30",13,"4, 30",3,675376,998,3167,Stereo,0,52,16000
Infinix Note 60 Pro,Infinix,Online,Snapdragon,7s Gen 4,4,LPDDR5,UFS 2.2,Amoled,6.78,0,144,1600,"Corning, GG 7i",429,6500,90,7.4,Plastic,Aluminium,202,13-04-2026,2,2,50,,8,,,,,"4, 30",13,"4, 30",3,955619,1240,3388,Stereo,1,64,32000
Infinix Note Edge,Infinix,Both,Mediatek,Dimensity 7100,6,LPDDR5X,UFS 2.2,Amoled,6.78,1,120,1600,"Corning, GG 7i",429,6500,45,7.2,Plastic,Plastic,188,18-02-2026,2,1,50,,,Useless,2,,,"2, 30",13,"2, 30",3,719969,976,2815,Stereo,0,65,22000
iPhone 15,Apple,Flagship,Apple Bionic,A16,4,LPDDR5,NVMe,Amoled,6.1,0,60,1000,"Ceramic Shield Glass, ",461,3349,20,7.8,Glass,Aluminium,171,12-09-2023,2,2,48,Sony Customised,12,,,,,"4, 60",12,"4, 60",5,1354651,2544,6526,Stereo,1,68,80000
iPhone 15 Plus,Apple,Flagship,Apple Bionic,A16,4,LPDDR5,NVMe,Amoled,6.7,0,60,1000,"Ceramic Shield Glass, ",460,4383,20,7.8,Glass,Aluminium,201,12-09-2023,2,2,48,Sony Customised,12,,,,,"4, 60",12,"4, 60",5,1385649,2546,6618,Stereo,1,68,90000
iPhone 15 Pro,Apple,Flagship,Apple Bionic,A17 Pro,3,LPDDR5,NVMe,Amoled,6.1,0,120,2000,"Ceramic Shield Glass, ",461,3274,20,8.3,Glass,Titanium,187,12-09-2023,3,3,48,Sony Customised,12,Telephoto - 3x,12,,,"4, 60",12,"4, 60",4,1641883,2893,7181,Stereo,1,68,135000
iPhone 15 Pro Max,Apple,Flagship,Apple Bionic,A17 Pro,3,LPDDR5,NVMe,Amoled,6.7,0,120,2000,"Ceramic Shield Glass, ",460,4441,20,8.3,Glass,Titanium,221,12-09-2023,3,3,48,Sony Customised,12,Telephoto - 5x,12,,,"4, 60",12,"4, 60",4,1487203,2882,7143,Stereo,1,68,160000
iPhone 16,Apple,Flagship,Apple Bionic,A18,3,LPDDR5,NVMe,Amoled,6.1,0,60,1000,"Ceramic Shield Glass, ",460,3561,30,7.8,Glass,Aluminium,170,20-09-2024,2,2,48,,12,,,,,"4, 60",12,"4, 60",5,1721149,3324,8284,Stereo,0,68,80000
iPhone 16 Pro ,Apple,Flagship,Apple Bionic,A18 Pro,3,LPDDR5,NVMe,Amoled,6.3,0,120,2000,"Ceramic Shield Glass, ",460,3582,30,8.3,Glass,Titanium,199,21-09-2024,3,3,48,Sony Customised,48,Telephoto - 5x,12,,,"4, 60",12,"4, 60",4,1871052,3324,8508,Stereo,1,68,144900
iPhone 16 Pro Max,Apple,Flagship,Apple Bionic,A18 Pro,3,LPDDR5,NVMe,Amoled,6.9,0,120,2000,"Ceramic Shield Glass, ",460,4685,30,8.3,Glass,Titanium,227,20-09-2024,3,3,48,Sony Customised,48,Telephoto - 5x,12,,,"4, 60",12,"4, 60",4,1838828,3438,8573,Stereo,1,68,119900
iPhone 16+,Apple,Flagship,Apple Bionic,A18,3,LPDDR5,NVMe,Amoled,6.7,0,60,1000,"Ceramic Shield Glass, ",460,4674,30,7.8,Glass,Aluminium,199,19-09-2024,2,2,48,,12,,,,,"4, 60",12,"4, 60",5,1721149,3322,8188,Stereo,1,68,90000
iPhone 16e,Apple,Flagship,Apple Bionic,A18,3,LPDDR5,NVMe,Amoled,6.1,0,60,800,"Ceramic Shield Glass, ",457,4005,30,7.8,Glass,Aluminium,167,19-02-2025,1,1,48,,,,,,,"4, 60",12,"4, 60",2,1401115,2706,7942,Stereo,1,68,60000
iPhone 17,Apple,Flagship,Apple Bionic,A19,3,LPDDR5X,NVMe,Amoled,6.3,0,120,1600,"Ceramic Shield Glass, ",460,3692,40,8,Glass,Aluminium,177,09-09-2025,2,2,48,,48,,,,,"4, 60",18,"4, 60",5,2221350,3608,9246,Stereo,1,68,83000
iPhone 17 Pro,Apple,Flagship,Apple Bionic,A19 Pro,3,LPDDR5X,NVMe,Amoled,6.3,0,120,1600,"Ceramic Shield Glass, ",460,3988,40,8.8,Glass,Aluminium,204,09-09-2025,3,3,48,,48,Telephoto - 4x,48,,,"4, 60",18,"4, 60",3,2446434,3895,9820,Stereo,1,68,135000
iPhone 17 Pro Max,Apple,Flagship,Apple Bionic,A19 Pro,3,LPDDR5X,NVMe,Amoled,6.9,0,120,1600,"Ceramic Shield Glass, ",460,4823,40,8.8,Glass,Aluminium,231,09-09-2025,3,3,48,,48,Telephoto - 4x,48,,,"4, 60",18,"4, 60",3,2509041,3784,9734,Stereo,1,68,150000
iPhone 17e,Apple,Flagship,Apple Bionic,A19,3,LPDDR5,NVMe,Amoled,6.1,0,60,800,"Ceramic Shield Glass, ",457,4005,30,7.8,Glass,Aluminium,170,02-03-2026,1,1,48,,,,,,,"4, 60",12,"4, 60",3,1951083,3610,9207,Stereo,1,68,65000
iPhone Air,Apple,Flagship,Apple Bionic,A19 Pro,3,LPDDR5X,NVMe,Amoled,6.5,0,120,1600,"Ceramic Shield Glass, ",460,3036,20,5.6,Glass,Titanium,165,09-09-2025,1,1,48,,,,,,,"4, 60",18,"4, 60",4,2033624,3674,8824,Mono,1,68,120000
Iqoo 12,IQOO,Online,Snapdragon,8 Gen 3,4,LPDDR5X,UFS 4.0,Amoled,6.78,0,144,1400,"Schott Xensarion, ",453,5000,120,8.4,Glass,Aluminium,204,12-12-2023,3,3,50,Omnivision OV50H,50,Telephoto - 3x,64,,,"4, 60",16,"1, 30",3,2107464,2191,6953,Stereo,0,64,53000
Iqoo 13,IQOO,Online,Snapdragon,8 Elite,3,LPDDR5X,UFS 4.1,Amoled,6.82,0,144,1800,"Schott Xensation, Alpha",510,6000,120,8,Glass,Aluminium,216,03-12-2024,3,3,50,Sony IMX 921,50,Telephoto - 2x,,,,"4, 60",32,"4, 60",3,2791585,3142,9522,Stereo,0,69,55000
Iqoo 15,IQOO,Online,Snapdragon,8 Elite Gen 5,3,LPDDR5X,UFS 4.1,Amoled,6.85,0,144,3600,"Schott Xensation, Alpha",508,7000,100,8.1,Glass,Aluminium,220,26-11-2025,3,3,50,Sony IMX 921,50,Telephoto - 3x,50,,,"4, 60",32,"4, 60",2,3922704,3550,10509,Stereo,1,69,77000
Iqoo 15R,IQOO,Online,Snapdragon,8 Gen 5,3,LPDDR5X,UFS 4.1,Amoled,6.59,0,144,1800,"Schott Xensation, Alpha",459,7600,100,8.1,Glass,Aluminium,202,24-02-2026,2,2,50,Sony LYT 700,8,,,,,"4, 60",32,"4, 30",2,3137421,2590,8423,Stereo,0,69,50000
Iqoo Neo 10,IQOO,Online,Snapdragon,8s Gen 4,4,LPDDR5X,UFS 4.0,Amoled,6.78,0,144,2000,"Schott Xensation, ",453,7000,120,8.1,Plastic,Plastic,207,26-05-2025,2,2,50,Sony IMX 882,8,,,,,"4, 60",32,"4, 60",3,2126431,2093,6836,Stereo,0,65,42000
Iqoo Neo 10R,IQOO,Online,Snapdragon,8s Gen 3,4,LPDDR5X,UFS 4.1,Amoled,6.78,0,144,1200,"Schott Xensation, ",452,6400,80,8,Plastic,Plastic,196,11-03-2025,2,2,50,Sony IMX 882,8,,,,,"4, 30",32,"4, 30",2,1540721,1971,5139,Stereo,0,65,27000
Iqoo Neo 9 Pro,IQOO,Online,Snapdragon,8 Gen 2,4,LPDDR5X,UFS 4.0,Amoled,6.78,0,144,1400,"Schott Xensation,",453,5160,120,8,Glass,Plastic,196,22-02-2024,2,2,50,Sony IMX 920,8,,,,,"4, 60",16,"1, 30",2,1611015,2023,5564,Stereo,0,54,36000
Iqoo Z10,IQOO,Online,Snapdragon,7s Gen 3,4,LPDDR4X,UFS 2.2,Amoled,6.77,1,120,1300,"Schott Xensation, ",388,7300,90,7.89,Plastic,Plastic,199,11-04-2025,2,1,50,Sony IMX 882,,Useless,2,,,"4, 30",32,"4, 30",2,817797,1168,3223,Mono,0,65,25000
Iqoo Z10 Lite,IQOO,Online,Mediatek,Dimensity 6300,6,LPDDR4X,UFS 2.2,IPS LCD,6.74,0,90,1000,,260,6000,15,8.1,Plastic,Plastic,205,18-06-2025,2,1,50,Sony,,Useless,2,,,"1, 30",5,"1, 30",2,436326,789,2024,Mono,0,64,10000
Iqoo Z10R,IQOO,Online,Mediatek,Dimensity 7400,4,LPDDR4X,UFS 2.2,Amoled,6.77,1,120,1300,"Schott Xensation,",387,5700,45,7.4,Plastic,Plastic,184,24-07-2025,2,1,50,Sony IMX 882,,Useless,2,,,"4, 30",32,"4, 30",2,703123,1033,2989,Stereo,0,69,23000
Iqoo Z10x,IQOO,Online,Mediatek,Dimensity 7300,4,LPDDR4X,UFS 3.1,IPS LCD,6.72,0,120,1050,"Panda Glass, ",393,6500,44,8.1,Plastic,Plastic,204,11-04-2024,2,1,50,Sony IMX 882,,Useless,2,,,"4, 30",8,"1, 30",2,696062,1024,2933,Stereo,0,64,17000
Iqoo Z11x,IQOO,Online,Mediatek,Dimensity 7400,4,LPDDR4X,UFS 3.1,IPS LCD,6.76,0,120,1200,Titan Glass,382,7200,44,8.4,Plastic,Plastic,219,12-03-2026,2,1,50,Sony IMX 852,,Useless,2,,,"4, 30",32,"4, 30",2,951584,1057,2704,Stereo,0,69,23000
Lava Agni 4,Lava,Online,Mediatek,Dimensity 8350,4,LPDDR5X,UFS 4.0,Amoled,6.67,0,120,,"Corning, GG",446,5000,66,8.6,Glass,Aluminium,208,20-11-2025,2,2,50,Omnivision OV50E40,8,,,,,"4, 60",50,"4, 60",2,1330562,1307,4107,Stereo,0,64,30000
Lava Blaze Amoled 2,Lava,Online,Mediatek,Dimensity 7060,6,LPDDR5,UFS 3.1,Amoled,6.67,0,120,800,,394,5000,33,7.55,Plastic,Plastic,177,11-08-2025,2,1,50,Sony IMX 752,,Useless,2,,,"2, 30",8,"1, 30",2,504235,1062,2533,Stereo,0,64,13500
Lava Blaze Dragon,Lava,Online,Snapdragon,4 Gen 2,4,LPDDR4X,UFS 3.1,IPS LCD,6.75,0,120,660,,260,5000,18,9.1,Plastic,Plastic,210,25-07-2025,2,1,50,,,Useless,2,,,"1, 30",8,"1, 30",2,431191,914,2068,Mono,0,64,10000
Lava Bold 2,Lava,Online,Mediatek,Dimensity 7060,6,LPDDR5,UFS 3.1,Amoled,6.67,0,120,800,,394,5000,33,7.55,Plastic,Plastic,177,13-03-2026,2,1,50,Sony IMX 752,,Useless,2,,,"2, 30",8,"1, 30",2,504235,1062,2533,Stereo,0,64,15500
Lava Bold N2,Lava,Both,Unisoc,T8200,6,LPDDR4X,UFS 2.2,IPS LCD,6.75,0,120,,,260,6000,18,8.75,Plastic,Plastic,210,03-06-2026,1,1,13,,,,,,,"1, 30",5,"1, 30",2,515768,725,1950,Mono,0,64,13000
Lava Play Ultra,Lava,Online,Mediatek,Dimensity 7300,4,LPDDR4X,UFS 3.1,Amoled,6.67,0,120,900,,395,5000,33,7.8,Plastic,Plastic,182,21-08-2025,2,2,64,Sony IMX 682,,Macro,5,,,"4, 60",13,"1, 30",2,668042,1010,3012,Stereo,0,64,14000
Lava Shark 2,Lava,Both,Unisoc,T8200,6,LPDDR4X,UFS 2.2,IPS LCD,6.75,0,120,600,,262,6000,18,8.8,Plastic,Plastic,210,26-05-2026,1,1,13,,,,,,,"1, 30",5,"1, 30",2,500000,725,2025,Mono,0,64,12000
Lava Storm Lite,Lava,Online,Mediatek,Dimensity 6400,6,LPDDR4X,UFS 2.2,IPS LCD,6.75,0,120,450,,260,5000,18,9.1,Plastic,Plastic,210,25-07-2025,2,1,50,Sony IMX 752,,Useless,2,,,"2, 30",5,"1, 30",2,445000,806,1989,Mono,0,64,9000
Lava Storm Play,Lava,Online,Mediatek,Dimensity 6300,6,LPDDR5,UFS 3.1,IPS LCD,6.75,0,120,750,"Panda Glass, ",260,5000,18,8.3,Plastic,Plastic,196,26-06-2025,2,1,50,Sony IMX 752,,Useless,2,,,"2, 30",8,"1, 30",2,532020,1056,2464,Mono,0,64,10500
Moto Edge 50,Motorola,Both,Snapdragon,7 Gen 1,4,LPDDR4X,UFS 2.2,Amoled,6.7,1,120,1600,,446,5000,68,7.8,Leather,Aluminium,180,01-08-2024,3,3,50,Sony LYT 700,13,Telephoto - 3x,10,,,"4, 30",32,"4, 30",3,699501,1056,2904,Stereo,1,68,28000
Moto Edge 50 Fusion,Motorola,Both,Snapdragon,7s Gen 2,4,LPDDR4X,UFS 2.2,Amoled,6.7,1,120,1300,"Corning, GG 7i",393,5000,68,7.9,Leather,Plastic,175,16-05-2024,2,2,50,Sony LYT 700,13,,,,,"4, 30",32,"4, 30",3,611028,913,2629,Stereo,0,68,23000
Moto Edge 50 Neo,Motorola,Both,Mediatek,Dimensity 7300,4,LPDDR4X,UFS 2.2,Amoled,6.4,0,120,1500,"Corning, GG 3",460,4310,68,8.1,Leather,Plastic,171,16-09-2024,3,3,50,Sony LYT 700,13,Telephoto - 3x,10,,,"4, 30",32,"4, 30",3,696931,1111,2959,Stereo,1,68,24000
Moto Edge 50 Pro,Motorola,Both,Snapdragon,7 Gen 3,4,LPDDR4X,UFS 2.2,Amoled,6.7,1,144,1500,"Corning, GG",446,4500,125,8.2,Leather,Aluminium,187,03-04-2024,3,3,50,,13,Telephoto - 3x,10,,,"4, 30",50,"1, 60",5,846105,1125,3080,Stereo,1,68,32000
Moto Edge 50 Ultra,Motorola,Both,Snapdragon,8s Gen 3,4,LPDDR5X,UFS 4.0,Amoled,6.7,0,144,1500,"Corning, GG Victus",446,4500,125,8.6,Leather,Aluminium,197,18-06-2024,3,3,50,Omnivision OV50H,50,Telephoto - 3x,64,,,"4, 60",50,"4, 60",3,1525409,1947,5149,Stereo,1,68,60000
Moto Edge 60,Motorola,Both,Mediatek,Dimensity 7400,4,LPDDR4X,UFS 2.2,Amoled,6.67,1,120,1500,"Corning, GG 7i",446,5500,68,8.3,Leather,Plastic,181,10-06-2025,3,3,50,Sony LYT 700,13,Telephoto - 3x,50,,,"4, 30",32,"1, 30",3,700000,1050,3050,Stereo,0,69,26000
Moto Edge 60 Fusion,Motorola,Both,Mediatek,Dimensity 7400,4,LPDDR4X,UFS 2.2,Amoled,6.67,1,120,1500,"Corning, GG 7i",446,5500,68,8.3,Leather,Plastic,180,01-04-2025,2,2,50,Sony LYT 700,13,,,,,"4, 30",32,"1, 30",3,700000,1050,3050,Stereo,0,69,23000
Moto Edge 60 Pro,Motorola,Both,Mediatek,Dimensity 8350,4,LPDDR5X,UFS 4.0,Amoled,6.7,1,120,1400,"Corning, GG 7i",444,6000,90,8.24,Leather,Plastic,186,29-05-2025,3,3,50,Sony LYT 700,50,Telephoto - 3x,10,,,"4, 30",50,"4, 30",3,1388622,1343,4332,Stereo,1,69,30000
Moto Edge 60 Stylus,Motorola,Both,Snapdragon,7s Gen 2,4,LPDDR4X,UFS 2.2,Amoled,6.7,0,120,1400,"Corning, GG 3",444,5000,68,8.3,Leather,Plastic,191,15-04-2025,2,2,50,Sony LYT 700,13,,,,,"4, 30",32,"1, 60",2,627527,1021,2915,Stereo,1,68,23000
Moto Edge 70,Motorola,Both,Snapdragon,7 Gen 4,4,LPDDR5X,UFS 3.1,Amoled,6.7,0,120,1600,"Corning, GG 7i",446,4800,68,6,Plastic,Aluminium,159,15-12-2025,2,2,50,,50,,,,,"4, 60",50,"4, 60",3,1125461,1324,4185,Stereo,1,69,33000
Moto Edge 70 Fusion,Motorola,Both,Snapdragon,7s Gen 4,4,LPDDR5X,UFS 3.1,Amoled,6.78,1,144,1600,"Corning, GG 7i",450,7000,68,7.9,Plastic,Plastic,193,06-03-2026,2,2,50,Sony LYT 710,13,,,,,"4, 30",32,"4, 30",3,1132967,1215,3186,Stereo,0,69,27000
Moto Edge 70 Pro,Motorola,Both,Mediatek,Dimensity 8500,4,LPDDR5X,UFS 4.1,Amoled,6.8,1,144,1800,,449,6500,90,7.2,Plastic,Plastic,190,22-04-2026,2,2,50,Sony LYT 710,50,,,,,"4, 60",50,"4, 60",3,2173245,1727,6563,Stereo,0,69,39000
Moto Edge 70 Pro+,Motorola,Both,Mediatek,Dimensity 8500,4,LPDDR5X,UFS 4.1,Amoled,6.8,1,144,1800,"Corning, GG 7i",449,6500,90,7.2,Plastic,Plastic,190,04-06-2026,3,3,50,Sony LYT 710,50,Telephoto - 3x,50,,,"4, 60",50,"4, 60",3,2173245,1727,6563,Stereo,1,69,48000
Moto G34,Motorola,Online,Snapdragon,695,6,LPDDR4X,UFS 2.2,IPS LCD,6.5,0,120,600,"Corning, GG 3",270,5000,20,8,Plastic,Plastic,183,05-01-2024,2,1,50,,,Useless,2,,,"1, 30",16,"1, 30",3,480000,945,2000,Stereo,0,52,11000
Moto G35,Motorola,Online,Unisoc,T760,6,LPDDR4X,UFS 2.2,IPS LCD,6.72,0,120,1000,"Corning, GG 3",392,5000,18,7.8,Plastic,Plastic,191,10-12-2024,2,2,50,,8,,,,,"4, 30",16,"1, 30",3,483000,746,2240,Stereo,0,52,12500
Moto G37,Motorola,Both,Mediatek,Dimensity 6400,6,LPDDR4X,UFS 2.2,IPS LCD,6.6,0,120,1050,"Corning, GG 7i",264,5200,20,7.85,Plastic,Plastic,191,19-05-2026,2,1,50,,,Useless,2,,,"2, 30",8,"1, 30",2,596993,791,1307,Stereo,0,64,14000
Moto G37 Power,Motorola,Both,Mediatek,Dimensity 6400,6,LPDDR4X,UFS 2.2,IPS LCD,6.6,0,120,1050,"Corning, GG 7i",264,7000,30,8.9,Plastic,Plastic,215,19-05-2026,2,1,50,,,Useless,2,,,"2, 30",8,"1, 30",3,596993,791,1307,Stereo,0,64,16000
Moto G45,Motorola,Online,Snapdragon,6s gen 3,6,LPDDR4X,UFS 2.2,IPS LCD,6.5,0,120,600,"Corning, GG 3",270,5000,18,8,Plastic,Plastic,183,21-08-2024,2,1,50,,,Useless,2,,,"1, 30",16,"1, 30",3,480000,945,2000,Stereo,0,52,11000
Moto G57 Power,Motorola,Both,Snapdragon,6s Gen 4,4,LPDDR4X,UFS 2.2,IPS LCD,6.72,0,120,1050,"Corning, GG 7i",392,7000,33,8.6,Leather,Plastic,211,24-11-2025,2,2,50,Sony LYT 600,8,,,,,"2, 30",8,"2, 30",3,799702,1072,2595,Stereo,0,64,16000
Moto G67 Power,Motorola,Both,Snapdragon,7s Gen 2,4,LPDDR4X,UFS 2.2,IPS LCD,6.7,0,120,,"Corning, GG 7i",392,7000,30,8.6,Plastic,Plastic,210,05-11-2025,2,2,50,Sony LYT 600,8,,,,,"4, 30",32,"4, 30",3,841708,1022,2917,Stereo,0,64,16000
Moto G86 Power,Motorola,Both,Mediatek,Dimensity 7400,4,LPDDR4X,UFS 2.2,Amoled,6.67,0,120,,"Corning, GG 7i",446,6720,33,8.6,Leather,Plastic,195,30-07-2025,2,2,50,Sony LYT 600,8,,,,,"4, 30",32,"4, 30",3,686080,1055,3015,Stereo,0,69,18000
Moto G96,Motorola,Both,Snapdragon,7s Gen 2,4,LPDDR4X,UFS 2.2,Amoled,6.67,1,144,1600,"Corning, GG 5",395,5500,33,7.9,Leather,Plastic,177,09-07-2025,2,2,50,Sony LYT 700,8,,,,,"4, 30",32,"4, 30",4,623382,1017,2780,Stereo,0,68,18000
Moto Signature,Motorola,Both,Snapdragon,8 Gen 5,3,LPDDR5X,UFS 4.1,Amoled,6.8,1,165,2100,"Corning, GG Victus 2",449,5200,90,7,Leather,Aluminium,187,23-01-2026,3,3,50,Sony LYT 828,50,Telephoto - 3x,50,,,"4, 60",50,"4, 60",2,2858670,2854,9411,Stereo,1,69,60000
Nothing Phone 1,Nothing,Both,Snapdragon,778G+,6,LPDDR5,UFS 3.1,Amoled,6.55,0,120,700,"Corning, GG 5",402,4500,33,8.3,Glass,Aluminium,194,12-07-2022,2,2,50,Sony IMX 766,50,,,,,"4, 30",16,"1, 30",2,592789,1009,2857,Stereo,1,53,33000
Nothing Phone 2,Nothing,Both,Snapdragon,8+ Gen 1,4,LPDDR5,UFS 3.1,Amoled,6.7,0,120,1600,"Corning, GG 5",394,4700,45,8.6,Glass,Aluminium,201,11-07-2023,2,2,50,Sony IMX 890,50,,,,,"4, 60",32,"1, 30",2,972126,1640,4221,Stereo,0,54,45000
Nothing Phone 2a,Nothing,Both,Mediatek,Dimensity 7200,4,LPDDR4X,UFS 2.2,Amoled,6.7,0,120,1100,"Corning, GG 5",394,5000,45,8.6,Plastic,Plastic,190,05-03-2024,2,2,50,Samsung GN 9,50,,,,,"4, 30",32,"1, 60",4,684574,1092,2484,Stereo,0,54,24000
Nothing Phone 2a+,Nothing,Both,Mediatek,Dimensity 7350,4,LPDDR4X,UFS 2.2,Amoled,6.7,0,120,1100,"Corning, GG 5",394,5000,50,8.5,Plastic,Plastic,190,31-07-2024,2,2,50,Samsung GN 9,50,,,,,"4, 30",50,"4, 30",3,774023,1106,2529,Stereo,0,54,28000
Nothing Phone 3,Nothing,Both,Snapdragon,8s Gen 4,4,LPDDR5X,UFS 4.0,Amoled,6.67,0,120,,"Corning, GG 7i",460,5500,65,9,Glass,Aluminium,218,01-07-2025,3,3,50,Omnivision,50,Telephoto - 3x,50,,,"4, 60",50,"4, 60",2,1946119,2067,6577,Stereo,1,68,80000
Nothing Phone 3a,Nothing,Both,Snapdragon,7s Gen 3,4,LPDDR4X,UFS 2.2,Amoled,6.77,0,120,1300,"Panda Glass, ",387,5000,50,8.4,Glass,Plastic,201,04-03-2025,3,3,50,Samsung GN 9,8,Telephoto - 2x,50,,,"4, 30",32,"1, 30",3,828429,1179,3311,Stereo,0,64,25000
Nothing Phone 3a Lite,Nothing,Both,Mediatek,Dimensity 7300,4,LPDDR4X,UFS 2.2,Amoled,6.77,0,120,1300,"Panda Glass, ",392,5000,33,8.3,Glass,Plastic,199,27-11-2025,3,2,50,Samsung GN 9,8,Useless,2,,,"4, 30",16,"1, 30",3,675102,1003,2925,Mono,0,54,28000
Nothing Phone 3a Pro,Nothing,Both,Snapdragon,7s Gen 3,4,LPDDR4X,UFS 2.2,Amoled,6.77,0,120,1300,"Panda Glass, ",387,5000,50,8.4,Glass,Plastic,211,04-03-2025,3,3,50,Samsung GN 9,8,Telephoto - 3x,50,,,"4, 30",50,"1, 30",2,820097,1181,3302,Stereo,0,64,30000
Nothing Phone 4a,Nothing,Both,Snapdragon,7s Gen 4,4,LPDDR4X,UFS 3.1,Amoled,6.78,0,120,1600,"Corning, GG 7i",440,5400,50,8.6,Glass,Plastic,203,05-03-2026,3,3,50,Samsung GN 9,8,Telephoto - 3.5x,50,,,"4, 30",32,"1, 30",4,1163152,1281,3371,Stereo,0,64,40000
Nothing Phone 4a Pro,Nothing,Both,Snapdragon,7 Gen 4,4,LPDDR5X,UFS 3.1,Amoled,6.83,0,144,1600,"Corning, GG 7i",450,5400,50,8,Aluminium,Aluminium,210,05-03-2026,3,3,50,Sony LYT 700,8,Telephoto - 3.5x,50,,,"4, 30",32,"1, 30",3,1186813,1350,4112,Stereo,0,65,55000
Oneplus 12,OnePlus,Online,Snapdragon,8 Gen 3,4,LPDDR5X,UFS 4.0,Amoled,6.82,1,120,1600,"Corning, GG Victus 2",510,5400,100,9.2,Glass,Aluminium,220,05-12-2023,3,3,50,Sony LYT 808,48,Telephoto - 3x,64,,,"4, 60",32,"4, 30",3,1821801,1845,5964,Stereo,1,65,65000
Oneplus 12R,OnePlus,Online,Snapdragon,8 Gen 2,4,LPDDR5X,UFS 3.1,Amoled,6.78,1,120,1600,"Corning, GG Victus 2",450,5500,100,8.8,Glass,Aluminium,207,23-01-2024,3,2,50,Sony IMX 890,8,Useless,2,,,"4, 60",16,"1, 30",2,1518852,1568,5067,Stereo,0,64,46000
Oneplus 13,OnePlus,Online,Snapdragon,8 Elite,3,LPDDR5X,UFS 4.0,Amoled,6.82,1,120,1600,Ceramic Guard,510,6000,100,8.5,Leather,Aluminium,210,14-01-2025,3,3,50,Sony LYT 808,50,Telephoto - 3x,50,,,"4, 60",32,"4, 60",3,2690491,2974,8653,Stereo,1,69,70000
Oneplus 13R,OnePlus,Online,Snapdragon,8 Gen 3,4,LPDDR5X,UFS 4.0,Amoled,6.78,0,120,1600,"Corning, GG 7i",450,6000,80,8,Glass,Aluminium,206,14-01-2025,3,3,50,Sony LYT 700,8,Telephoto - 2x,50,,,"4, 60",16,"1, 30",2,2109299,2215,6498,Stereo,0,65,43000
Oneplus 13s,OnePlus,Online,Snapdragon,8 Elite,3,LPDDR5X,UFS 4.0,Amoled,6.32,0,120,1600,"Corning, GG 7i",460,5850,80,8.2,Glass,Aluminium,185,05-06-2025,2,2,50,Sony LYT 700,,Telephoto - 2x,50,,,"4, 60",32,"4, 30",3,2464087,2695,8762,Stereo,0,65,55000
Oneplus 15,OnePlus,Online,Snapdragon,8 Elite Gen 5,3,LPDDR5X,UFS 4.1,Amoled,6.78,0,165,1800,"Corning, GG 7i",450,7300,120,8.1,Glass,Aluminium,214,13-11-2025,3,3,50,Sony IMX 906,50,Telephoto - 3.5x,50,,,"4, 120",32,"4, 60",3,3833465,3644,10996,Stereo,1,69,86000
Oneplus 15R,OnePlus,Online,Snapdragon,8 Gen 5,3,LPDDR5X,UFS 4.1,Amoled,6.83,0,165,1800,"Corning, GG 7i",450,7400,80,8.3,Glass,Aluminium,213,17-12-2025,2,2,50,Sony IMX 906,8,,,,,"4, 120",32,"4, 30",3,3043315,2846,9775,Stereo,1,69,55000
Oneplus N6,OnePlus,Online,Mediatek,Dimensity 6360,6,LPDDR4X,UFS 2.2,IPS LCD,6.8,0,120,1200,,254,8000,45,8.9,Plastic,Plastic,224,30-06-2026,2,1,50,,,Useless,2,,,"1, 60",8,"1, 30",2,615400,788,1980,Mono,0,65,23000
Oneplus Nord 3,OnePlus,Online,Mediatek,Dimensity 9000,4,LPDDR5X,UFS 3.1,Amoled,6.74,0,120,,Dragon Trail,451,5000,80,8.2,Glass,Plastic,192,05-07-2023,3,2,50,Sony IMX 890,8,Useless,2,,,"4, 60",16,"1, 30",2,1039075,918,3058,Stereo,0,54,34000
Oneplus Nord 4,OnePlus,Online,Snapdragon,7+ Gen 3,4,LPDDR5X,UFS 4.0,Amoled,6.74,0,120,,,450,5500,100,8,Aluminium,Aluminium,200,16-07-2024,2,2,50,Sony LYT 600,8,,,,,"4, 60",16,"1, 30",3,1315874,1875,4934,Stereo,0,65,30000
Oneplus Nord 5,OnePlus,Online,Snapdragon,8s Gen 3,4,LPDDR5X,UFS 3.1,Amoled,6.83,0,144,1400,"Corning, GG 7i",450,6200,80,8.1,Glass,Plastic,211,08-07-2025,2,2,50,Sony LYT 700,8,,,,,"4, 60",50,"4, 60",3,1512943,1977,5112,Stereo,0,65,33000
Oneplus Nord 6,OnePlus,Online,Snapdragon,8s Gen 4,4,LPDDR5X,UFS 4.1,Amoled,6.78,0,165,1800,"OnePlus, Crystal Guard",450,9000,80,8.5,Plastic,Plastic,217,07-04-2026,2,2,50,Sony LYT 600,8,,,,,"4, 60",32,"4, 30",3,2428549,2149,7081,Stereo,0,69,43000
Oneplus Nord CE 3,OnePlus,Online,Snapdragon,782G,6,LPDDR4X,UFS 3.1,Amoled,6.7,0,120,950,,394,5000,80,8.2,Plastic,Plastic,184,05-07-2023,3,2,50,Sony IMX 890,8,Useless,2,,,"4, 30",16,"1, 30",2,708890,1122,2831,Stereo,0,54,27000
Oneplus Nord CE 3 Lite,OnePlus,Online,Snapdragon,695,6,LPDDR4X,UFS 2.2,IPS LCD,6.72,0,120,680,,391,5000,67,8.3,Plastic,Plastic,195,04-04-2023,3,1,108,Samsung HM 6,,Useless,2,Useless,2,"1, 30",16,"1, 30",2,421506,688,2044,Stereo,0,52,20000
Oneplus Nord CE 4,OnePlus,Online,Snapdragon,7 Gen 3,3,LPDDR4X,UFS 3.1,Amoled,6.7,0,120,900,"Panda Glass, ",394,5500,100,8.4,Plastic,Plastic,186,04-04-2024,2,2,50,Sony LYT 600,8,,,,,"4, 30",16,"1, 30",2,839564,1138,2950,Stereo,0,54,25000
Oneplus Nord CE 4 Lite,OnePlus,Online,Snapdragon,695,6,LPDDR4X,UFS 2.2,Amoled,6.67,0,120,1200,,395,5110,80,8.1,Plastic,Plastic,191,24-06-2024,2,1,50,Sony LYT 600,,Useless,2,,,"1, 30",16,"1, 30",3,481956,896,2002,Stereo,0,54,20000
Oneplus Nord CE 5,OnePlus,Online,Mediatek,Dimensity 8350,4,LPDDR5X,UFS 3.1,Amoled,6.77,0,120,1300,,387,7100,80,8.2,Plastic,Plastic,199,08-07-2025,2,2,50,,8,,,,,"4, 60",16,"1, 60",3,1412373,1317,4081,Mono,0,65,25000
Oneplus Nord CE 6,OnePlus,Online,Snapdragon,7s Gen 4,4,LPDDR4X,UFS 3.1,Amoled,6.78,0,144,1800,,450,8000,80,8.5,Plastic,Plastic,215,07-05-2026,2,1,50,Omnivision OV50D40,,Useless,2,,,"4, 30",32,"4, 30",3,1148866,1109,3220,Stereo,0,69,34000
Oneplus Nord CE 6 Lite,OnePlus,Online,Mediatek,Dimensity 7400,4,LPDDR4X,UFS 3.1,IPS LCD,6.72,0,144,1000,,391,7000,45,8.5,Plastic,Plastic,208,07-05-2026,2,1,50,Omnivision OV50D40,,Useless,2,,,"4, 30",8,"1, 30",2,848473,1042,2931,Stereo,0,64,26000
Oppo F31,Oppo,Offline,Mediatek,Dimensity 6300,6,LPDDR4X,UFS 2.2,Amoled,6.57,0,120,1400,,397,7000,80,8,Plastic,Plastic,185,15-09-2025,2,1,50,Omnivision OV50D40,,Useless,2,,,"1, 30",16,"1, 30",3,415000,736,2010,Stereo,0,69,23000
Oppo F31 Pro,Oppo,Offline,Mediatek,Dimensity 7300,4,LPDDR4X,UFS 3.1,Amoled,6.57,0,120,1400,,397,7000,80,8,Plastic,Plastic,190,15-09-2025,2,1,50,Omnivision OV50D40,,Useless,2,,,"4, 30",32,"1, 30",2,717999,1026,2392,Stereo,0,69,27000
Oppo F31Pro+,Oppo,Offline,Snapdragon,7 Gen 3,4,LPDDR4X,UFS 3.1,Amoled,6.8,0,120,1600,,453,7000,80,7.9,Plastic,Plastic,204,15-09-2025,2,1,50,Omnivision OV50D40,,Useless,2,,,"4, 30",32,"1, 30",3,1077896,731,2509,Stereo,0,69,33000
Oppo F33,Oppo,Offline,Mediatek,Dimensity 6360,6,LPDDR4X,UFS 2.2,Amoled,6.59,0,120,1400,,397,7000,80,8,Plastic,Plastic,189,15-04-2026,2,1,50,Omnivision OV50D40,,Useless,2,,,"1, 60",16,"1, 30",2,651333,784,2042,Stereo,0,69,32000
Oppo F33 Pro,Oppo,Offline,Mediatek,Dimensity 6360,6,LPDDR4X,UFS 2.2,Amoled,6.59,0,120,1400,,397,7000,80,8.3,Plastic,Plastic,194,15-04-2026,2,1,50,Omnivision OV50D40,,Useless,2,,,"1, 60",50,"1, 30",3,651333,784,2042,Stereo,0,69,38000
Oppo Find X8,Oppo,Flagship,Mediatek,Dimensity 9400,3,LPDDR5X,UFS 4.0,Amoled,6.59,0,120,1600,"Corning, GG 7i",460,5630,120,7.9,Glass,Aluminium,193,21-11-2024,3,3,50,Sony LYT 700,50,Telephoto - 3x,50,,,"4, 60",32,"4, 60",3,2751909,2676,8885,Stereo,1,69,70000
Oppo Find X8 Pro,Oppo,Flagship,Mediatek,Dimensity 9400,3,LPDDR5X,UFS 4.1,Amoled,6.78,1,120,1600,"Corning, GG 7i",450,5910,120,8.2,Glass,Aluminium,215,21-11-2024,4,3,50,Sony LYT 818,50,Telephoto - 6x,50,Telephoto - 3x,50,"4, 60",32,"4, 60",2,2701287,2643,8819,Stereo,1,69,100000
Oppo Find X9,Oppo,Flagship,Mediatek,Dimensity 9500,3,LPDDR5X,UFS 4.1,Amoled,6.59,0,120,1800,"Corning, GG 7i",460,7025,120,8,Glass,Aluminium,203,18-11-2025,3,3,50,Sony LYT 808,50,Telephoto - 3x,50,,,"4, 120",32,"4, 60",2,3756000,3042,9303,Stereo,1,69,85000
Oppo Find X9 Pro,Oppo,Flagship,Mediatek,Dimensity 9500,3,LPDDR5X,UFS 4.1,Amoled,6.78,0,120,1800,"Corning, GG Victus 2",450,7500,120,8.3,Glass,Aluminium,224,18-11-2025,3,3,50,Sony LYT 828,50,Telephoto - 3x,200,,,"4, 120",50,"4, 60",2,3563384,3291,9697,Stereo,1,69,110000
Oppo Find X9 Ultra,Oppo,Flagship,Snapdragon,8 Elite Gen 5,3,LPDDR5X,UFS 4.1,Amoled,6.8,0,144,1800,"Corning, GG Victus 2",510,7050,100,8.7,Glass,Aluminium,235,21-05-2026,4,4,200,Sony LYT 901,50,Telephoto - 3x,200,Telephoto - 10x,50,"4, 120",50,"4, 60",2,4110112,3584,10895,Stereo,1,69,170000
Oppo Find X9s,Oppo,Flagship,Mediatek,Dimensity 9500s,3,LPDDR5X,UFS 4.1,Amoled,6.6,0,120,1800,"Corning, GG 7i",460,7025,80,8,Glass,Aluminium,203,21-05-2026,3,3,50,Sony LYT 700,50,Telephoto - 3x,50,,,"4, 120",32,"4, 60",3,2952827,2550,7337,Stereo,0,69,80000
Oppo K13,Oppo,Online,Snapdragon,6 Gen 4,4,LPDDR4X,UFS 3.1,Amoled,6.67,0,120,,,395,7000,80,8.45,Plastic,Plastic,208,21-04-2025,2,1,50,Omnivision OV50D40,,Useless,2,,,"4, 60",16,"1, 30",2,789000,986,3088,Stereo,0,65,13000
Oppo K13 Turbo,Oppo,Online,Mediatek,Dimensity 8450,4,LPDDR5X,UFS 3.1,Amoled,6.8,0,120,1600,,453,7000,80,7.3,Plastic,Plastic,208,11-08-2025,2,1,50,Omnivision OV50D40,,Useless,2,,,"4, 60",16,"1, 30",3,1632669,1406,6007,Stereo,0,9,28000
Oppo K13 Turbo Pro,Oppo,Online,Snapdragon,8s Gen 4,4,LPDDR5X,UFS 4.0,Amoled,6.8,0,120,1600,,453,7000,80,7.3,Plastic,Plastic,209,11-08-2025,2,1,50,Omnivision OV50D40,,Useless,2,,,"4, 60",16,"1, 30",3,2021062,2156,6652,Stereo,0,9,38000
Oppo K13x,Oppo,Both,Mediatek,Dimensity 6300,6,LPDDR4X,UFS 2.2,IPS LCD,6.67,0,120,850,,264,6000,45,7.9,Plastic,Plastic,194,23-06-2025,2,1,50,,,Useless,2,,,"1, 60",8,"1, 30",4,447305,784,1984,Mono,0,65,12500
Oppo K14,Oppo,Both,Mediatek,Dimensity 6300,6,LPDDR4X,UFS 2.2,IPS LCD,6.75,0,120,1125,,256,7000,45,8.6,Plastic,Plastic,216,17-03-2026,2,1,50,,,Useless,2,,,"1, 60",8,"1, 30",3,615625,785,2015,Stereo,0,69,20000
Oppo K14x,Oppo,Both,Mediatek,Dimensity 6300,6,LPDDR4X,UFS 2.2,IPS LCD,6.75,0,120,700,,256,6500,45,8.6,Plastic,Plastic,212,10-02-2026,2,1,50,,,Useless,2,,,"1, 60",5,"1, 30",2,415000,750,1900,Mono,0,64,16000
Oppo Reno 14,Oppo,Offline,Mediatek,Dimensity 8350,4,LPDDR5X,UFS 3.1,Amoled,6.59,0,120,1200,"Corning, GG 7i",460,6000,80,7.3,Glass,Aluminium,187,06-07-2025,3,3,50,,8,Telephoto - 3.5x,50,,,"4, 60",50,"4, 60",2,1327873,1612,6404,Stereo,0,69,40000
Oppo Reno 14 Pro,Oppo,Offline,Mediatek,Dimensity 8450,4,LPDDR5X,UFS 3.1,Amoled,6.83,0,120,1200,"Corning, GG 7i",450,6200,80,7.5,Glass,Aluminium,201,06-07-2025,3,3,50,,50,Telephoto - 3.5x,50,,,"4, 60",50,"4, 60",2,1675507,1581,6206,Stereo,1,69,50000
Oppo Reno 15,Oppo,Offline,Snapdragon,7 Gen 4,4,LPDDR5X,UFS 3.1,Amoled,6.59,0,120,1200,"Corning, GG 7i",460,6500,80,7.8,Glass,Aluminium,197,08-01-2026,3,3,50,Sony IMX 882,8,Telephoto - 3.5x,50,,,"4, 60",50,"4, 60",3,1077092,1220,3958,Stereo,0,69,48000
Oppo Reno 15 Pro,Oppo,Offline,Mediatek,Dimensity 8450,4,LPDDR5X,UFS 3.1,Amoled,6.78,0,120,1800,"Corning, GG 7i",450,6500,80,7.7,Glass,Aluminium,205,08-01-2026,3,3,200,Samsung HP5,50,Telephoto - 3.5x,50,,,"4, 60",50,"4, 60",3,2094835,1668,6355,Stereo,0,69,68000
Oppo Reno 15 Pro Mini,Oppo,Offline,Mediatek,Dimensity 8450,4,LPDDR5X,UFS 3.1,Amoled,6.32,0,120,1800,"Corning, GG 7i",460,6200,80,8,Glass,Aluminium,187,08-01-2026,3,3,200,Samsung HP5,50,Telephoto - 3.5x,50,,,"4, 60",50,"4, 60",3,2077098,1620,6201,Stereo,0,69,60000
Oppo Reno 15c,Oppo,Offline,Snapdragon,6 Gen 1,4,LPDDR4X,UFS 3.1,Amoled,6.57,0,120,1400,"Corning, GG +",397,7000,80,8.1,Glass,Plastic,195,08-01-2026,3,2,50,Sony LYT 600,8,Useless,2,,,"4, 30",50,"4, 30",2,845599,942,2660,Stereo,0,69,42000
Oppo Reno 16,Oppo,Offline,Snapdragon,7 Gen 4,4,LPDDR5X,UFS 3.1,Amoled,6.32,0,120,1800,"Oppo, Crystal Guard",460,6700,80,8.2,Glass,Aluminium,188,02-07-2026,3,3,50,Sony LYT 600,50,Telephoto - 3.5x,50,,,"4, 60",50,"4, 60",3,1458076,1240,4006,Stereo,0,69,62000
Oppo Reno 16c,Oppo,Offline,Mediatek,Dimensity 7300,4,LPDDR4X,UFS 3.1,Amoled,6.57,0,120,1400,"Oppo, Crystal Guard",397,7000,80,8.4,Glass,Plastic,195,02-07-2026,3,3,50,Sony LYT 600,8,Telephoto - 3.5x,50,,,"4, 60",50,"4, 60",3,985594,1004,2933,Stereo,0,69,47000
Pixel 10,Google,Flagship,Tensor,G5,3,LPDDR5X,UFS 3.1,Amoled,6.3,0,120,2000,"Corning, GG Victus 2",422,4970,30,8.6,Glass,Aluminium,204,20-08-2025,3,3,48,Samsung ISOCELL GN8,13,Telephoto - 5x,10.8,,,"4, 60",10.5,"4, 60",4,987806,2250,6228,Stereo,0,68,80000
Pixel 10 Pro,Google,Flagship,Tensor,G5,3,LPDDR5X,UFS 4.0,Amoled,6.3,0,120,2200,"Corning, GG Victus 2",495,4870,30,8.5,Glass,Aluminium,207,20-08-2025,3,3,50,Samsung ISOCELL GNV,48,Telephoto - 5x,48,,,"4, 60",42,"4, 60",4,1067193,2313,6374,Stereo,0,68,110000
Pixel 10 Pro XL,Google,Flagship,Tensor,G5,3,LPDDR5X,UFS 4.0,Amoled,6.8,0,120,2200,"Corning, GG Victus 2",486,5200,45,8.5,Glass,Aluminium,232,20-08-2025,3,3,50,,48,Telephoto - 5x,48,,,"4, 60",42,"4, 60",4,1487691,2242,5981,Stereo,0,68,125000
Pixel 10a,Google,Flagship,Tensor,G4,4,LPDDR5X,UFS 3.1,Amoled,6.3,0,120,1800,"Corning, GG 7i",422,5100,45,9,Plastic,Aluminium,183,18-02-2026,2,2,48,,13,,,,,"4, 60",13,"4, 30",4,1237651,1704,4425,Stereo,1,68,56000
Pixel 9a,Google,Flagship,Tensor,G4,4,LPDDR5X,UFS 3.1,Amoled,6.3,0,120,1800,"Corning, GG 3",422,5100,23,8.9,Plastic,Aluminium,184,19-03-2025,2,2,48,,13,,,,,"4, 60",13,"4, 30",4,1237651,1704,4425,Stereo,1,68,50000
Poco C85,Xiaomi,Online,Mediatek,Dimensity 6300,6,LPDDR4X,UFS 2.2,IPS LCD,6.9,0,120,810,,254,6000,33,8,Plastic,Plastic,211,09-12-2025,2,1,50,,,Useless,2,,,"1, 30",8,"1, 30",3,467924,407,1368,Mono,0,64,12000
Poco F6,Xiaomi,Online,Snapdragon,8s Gen 3,4,LPDDR5X,UFS 4.0,Amoled,6.67,0,120,1200,"Corning, GG Victus",446,5000,90,8,Plastic,Plastic,179,23-05-2024,2,2,50,Sony IMX 882,8,,,,,"4, 60",20,"1, 60",2,1497886,1812,4883,Stereo,0,64,30000
Poco F7,Xiaomi,Online,Snapdragon,8s Gen 4,4,LPDDR5X,UFS 4.1,Amoled,6.83,0,120,1700,"Corning, GG 7i",447,7550,90,8.2,Glass,Aluminium,216,14-06-2025,2,2,50,Sony LYT 600,8,,,,,"4, 60",20,"1, 30",2,2024751,1937,6402,Stereo,0,69,32000
Poco M7 Plus,Xiaomi,Online,Snapdragon,6s Gen 3,6,LPDDR4X,UFS 2.2,IPS LCD,6.9,0,144,850,"Corning, GG 3",374,7000,33,8.4,Plastic,Plastic,217,13-08-2025,2,1,50,,,Useless,2,,,"1, 30",8,"1, 30",3,451225,926,2228,Mono,0,64,14000
Poco M8,Xiaomi,Online,Snapdragon,6 Gen 3,4,LPDDR4X,UFS 2.2,Amoled,6.77,1,120,,,388,5520,45,7.35,Plastic,Plastic,178,08-01-2026,2,1,50,,,Useless,2,,,"4, 30",20,"1, 30",3,597923,1020,2853,Stereo,0,66,21000
Poco X6,Xiaomi,Online,Snapdragon,7s Gen 2,4,LPDDR4X,UFS 2.2,Amoled,6.67,0,120,1200,"Corning, GG Victus",446,5100,67,8,Plastic,Plastic,181,11-01-2024,3,2,64,Omnivision OV64B,8,Useless,2,,,"4, 30",16,"1, 60",3,605803,778,2760,Stereo,0,54,22000
Poco X6 Pro,Xiaomi,Online,Mediatek,Dimensity 8300,4,LPDDR5X,UFS 4.0,Amoled,6.67,0,120,1200,"Corning, GG 5",446,5000,67,8.3,Plastic,Plastic,190,11-01-2024,3,2,64,Omnivision OV64B,8,Useless,2,,,"4, 30",16,"1, 60",3,1396547,1493,4696,Stereo,0,54,27000
Poco X7,Xiaomi,Online,Mediatek,Dimensity 7300,4,LPDDR4X,UFS 2.2,Amoled,6.67,1,120,1200,"Corning, GG Victus 2",446,5500,45,8.6,Plastic,Plastic,190,09-01-2025,3,2,50,Sony IMX 882,8,Useless,2,,,"4, 30",20,"1, 60",3,677093,1032,2926,Stereo,0,69,22000
Poco X7 Pro,Xiaomi,Online,Mediatek,Dimensity 8400,4,LPDDR5X,UFS 4.0,Amoled,6.67,0,120,1400,"Corning, GG 7i",446,6550,90,8.3,Plastic,Plastic,198,09-01-2025,2,2,50,Sony IMX 882,8,,,,,"4, 60",20,"4, 60",3,1568331,1590,6257,Stereo,0,69,28000
Poco X8 Pro,Xiaomi,Online,Mediatek,Dimensity 8500,4,LPDDR5X,UFS 4.1,Amoled,6.59,0,120,2000,"Corning, GG 7i",460,6500,100,8.2,Glass,Aluminium,202,17-03-2026,2,2,50,Sony IMX 882,8,,,,,"4, 60",20,"1, 60",3,2083558,1708,6297,Stereo,0,69,35000
Poco X8 Pro Max,Xiaomi,Online,Mediatek,Dimensity 9500s,3,LPDDR5X,UFS 4.1,Amoled,6.83,0,120,2000,"Corning, GG 7i",447,9000,100,8.4,Glass,Aluminium,221,17-03-2026,2,2,50,Omnivision Light Fusion 600,8,,,,,"4, 60",20,"1, 60",3,3064458,2659,8470,Stereo,0,69,45000
Realme 13 Pro,Realme,Offline,Snapdragon,7s Gen 2,4,LPDDR5,UFS 3.1,Amoled,6.7,1,120,1200,"Corning, GG 7i",394,5200,45,8.2,Glass,Plastic,188,30-07-2024,3,2,50,Sony LYT 600,8,Useless,2,,,"4, 30",32,"1, 30",3,677094,967,2779,Stereo,0,65,27000
Realme 13 Pro+,Realme,Offline,Snapdragon,7s Gen 2,4,LPDDR4X,UFS 3.1,Amoled,6.7,1,120,1200,"Corning, GG 7i",394,5200,80,8.4,Glass,Plastic,190,30-07-2024,3,3,50,Sony LYT 701,8,Telephoto - 3x,50,,,"4, 30",32,"4, 30",3,663084,966,2685,Stereo,0,65,33000
Realme 14 Pro,Realme,Offline,Mediatek,Dimensity 7300,4,LPDDR4X,UFS 3.1,Amoled,6.77,1,120,1400,,388,6000,45,7.8,Plastic,Plastic,182,16-01-2025,2,1,50,Sony IMX 882,,Useless,2,,,"4, 30",16,"1, 30",3,736220,982,2878,Stereo,0,69,25000
Realme 14 Pro+,Realme,Offline,Snapdragon,7s Gen 3,4,LPDDR4X,UFS 3.1,Amoled,6.83,1,120,1200,"Corning, GG 7i",450,6000,80,8.3,Plastic,Plastic,196,16-01-2025,3,3,50,Sony IMX 896,8,Telephoto - 3x,50,,,"4, 30",32,"4, 30",3,765537,1198,3232,Stereo,0,69,30000
Realme 15,Realme,Offline,Mediatek,Dimensity 7300,4,LPDDR4X,UFS 3.1,Amoled,6.8,1,144,1800,"Corning, ",453,7000,80,7.9,Plastic,Plastic,187,24-07-2025,2,2,50,Sony IMX 882,8,,,,,"4, 30",50,"4, 30",3,729635,1017,2875,Stereo,0,69,29000
Realme 15 Pro,Realme,Offline,Snapdragon,7 Gen 4,4,LPDDR4X,UFS 3.1,Amoled,6.8,1,144,1800,"Corning, ",453,7000,80,7.8,Plastic,Plastic,187,24-07-2025,3,2,50,Sony IMX 896,50,,,,,"4, 60",50,"4, 60",3,1076347,1218,3541,Stereo,0,69,32000
Realme 15T,Realme,Offline,Mediatek,Dimensity 6400,5,LPDDR4X,UFS 2.2,Amoled,6.57,0,120,1400,,401,7000,60,7.8,Plastic,Plastic,181,02-09-2025,2,1,50,,,Useless,2,,,"1, 60",50,"1, 30",3,448625,806,1989,Stereo,0,69,21000
Realme 16,Realme,Offline,Mediatek,Dimensity 6400,6,LPDDR4X,UFS 2.2,Amoled,6.57,0,120,1400,,397,7000,65,8.1,Plastic,Plastic,183,02-04-2026,2,1,50,Sony IMX 852,,Useless,2,,,"1, 30",50,"1, 60",2,571697,812,2068,Stereo,0,69,36000
Realme 16 Pro,Realme,Offline,Mediatek,Dimensity 7300,4,LPDDR4X,UFS 3.1,Amoled,6.78,0,144,1400,,450,7000,80,7.8,Plastic,Plastic,192,06-01-2026,2,2,200,Samsung HP5,8,,,,,"4, 30",50,"4, 30",3,703393,1001,2946,Stereo,0,69,41000
Realme 16 Pro+,Realme,Offline,Snapdragon,7 Gen 4,4,LPDDR4X,UFS 3.1,Amoled,6.8,1,144,1800,"Corning, GG 7i",453,7000,80,8.5,Leather,Plastic,203,06-01-2026,3,3,200,Samsung HP5,8,Telephoto - 3.5x,50,,,"4, 60",50,"4, 60",3,1147970,1342,3982,Stereo,0,69,50000
Realme 16T,Realme,Offline,Mediatek,Dimensity 6300,6,LPDDR4X,UFS 2.2,IPS LCD,6.8,0,144,1200,"Panda Glass, ",254,8000,45,8.8,Plastic,Plastic,224,22-05-2026,2,1,50,Sony IMX 852,,Useless,2,,,"1, 60",16,"1, 30",3,622631,750,1900,Mono,0,69,30000
Realme GT 7,Realme,Online,Mediatek,Dimensity 9400e ,4,LPDDR5X,UFS 4.0,Amoled,6.78,0,120,1600,"Corning, GG 7i",450,7000,120,8.3,Glass,Plastic,206,27-05-2025,3,3,50,Sony IMX 906,8,Telephoto - 2x,50,,,"4, 60",32,"1, 60",3,2141861,2219,8976,Stereo,0,69,40000
Realme GT 7 Pro,Realme,Online,Snapdragon,8 Elite,3,LPDDR5X,UFS 4.0,Amoled,6.78,1,120,2000,"Corning, GG 7i",450,5800,120,8.6,Glass,Aluminium,223,04-11-2024,3,3,50,Sony IMX 906,8,Telephoto - 3x,50,,,"4, 60",16,"1, 60",3,2746604,2820,8594,Stereo,0,69,60000
Realme GT 7T,Realme,Online,Mediatek,Dimensity 8400,4,LPDDR5X,UFS 4.0,Amoled,6.8,0,120,1800,ArmorShell Glass,453,7000,120,8.3,Glass,Plastic,202,27-05-2025,2,2,50,Sony IMX 896,8,,,,,"4, 60",32,"1, 60",3,1761804,1651,5998,Stereo,0,69,35000
Realme GT 8 Pro,Realme,Online,Snapdragon,8 Elite Gen 5,3,LPDDR5X,UFS 4.1,Amoled,6.79,0,144,2000,"Corning, GG 7i",508,7000,120,8.2,Leather,Aluminium,218,20-11-2025,3,3,50,Sony IMX 906,50,Telephoto - 3x,200,,,"4, 60",32,"4, 60",3,3975938,3748,11143,Stereo,1,69,73000
Realme Narzo Power,Realme,Online,Mediatek,Dimensity 7400,4,LPDDR4X,UFS 3.1,Amoled,6.8,1,144,1800,"Corning, GG 7i",452,10001,80,9,Plastic,Plastic,219,05-03-2026,3,2,50,Sony IMX 882,8,Useless,2,,,"4, 30",16,"1, 30",2,780000,1075,2919,Mono,0,69,28000
Realme P4,Realme,Online,Mediatek,Dimensity 7400,4,LPDDR4X,UFS 3.1,Amoled,6.77,0,144,1600,Dragon Trail,388,7000,80,7.6,Plastic,Plastic,185,20-08-2025,2,2,50,Omnivision OV50D40,8,,,,,"4, 30",16,"1, 30",3,777255,1042,2965,Stereo,0,66,24000
Realme P4 Power,Realme,Online,Mediatek,Dimensity 7400,4,LPDDR4X,UFS 3.1,Amoled,6.8,1,144,1800,"Corning, GG 7i",452,10001,80,9.04,Plastic,Plastic,219,29-01-2026,3,2,50,Sony IMX 882,8,Useless,2,,,"4, 30",16,"1, 30",3,780000,1075,2919,Mono,0,69,30000
Realme P4 Pro,Realme,Online,Snapdragon,7 Gen 4,4,LPDDR4X,UFS 3.1,Amoled,6.8,1,144,1600,"Corning, GG 7i",453,7000,80,7.68,Plastic,Plastic,189,20-08-2025,2,2,50,Sony IMX 896,8,,,,,"4, 60",50,"4, 60",3,1072656,1197,3543,Stereo,0,66,25000
Realme P4R,Realme,Online,Mediatek,Dimensity 6300,6,LPDDR4X,UFS 2.2,IPS LCD,6.8,0,144,1200,"Panda Glass, ",254,8000,45,8.8,Plastic,Plastic,224,10-06-2026,1,1,50,Sony IMX 852,,,,,,"1, 60",8,"1, 30",3,622631,750,1900,Mono,0,69,21000
Realme P4x,Realme,Online,Mediatek,Dimensity 7400,4,LPDDR4X,UFS 3.1,IPS LCD,6.72,0,144,1000,,391,7000,45,8.4,Plastic,Plastic,208,04-12-2025,2,1,50,,,Useless,2,,,"4, 30",8,"1, 30",3,739000,1042,2931,Stereo,0,64,21500
Redmi 15,Xiaomi,Offline,Snapdragon,6s Gen 3,6,LPDDR4X,UFS 2.2,IPS LCD,6.9,0,144,850,"Corning, GG 3",374,7000,33,8.4,Plastic,Plastic,219,19-08-2025,2,1,50,,,Useless,2,,,"1, 30",8,"1, 30",3,451225,926,2228,Mono,0,64,20500
Redmi 15C,Xiaomi,Offline,Mediatek,Dimensity 6300,6,LPDDR4X,UFS 2.2,IPS LCD,6.9,0,120,810,,254,6000,33,8,Plastic,Plastic,211,03-12-2025,2,1,50,,,Useless,2,,,"1, 30",8,"1, 30",3,467924,407,1368,Mono,0,64,17000
Redmi A7,Xiaomi,Both,Unisoc,T7250,6,LPDDR4X,UFS 2.2,IPS LCD,6.88,0,120,600,,260,5200,15,8.3,Plastic,Plastic,193,21-04-2026,1,1,13,,,,,,,"1, 30",8,"1, 30",2,341105,433,1422,Mono,0,52,11500
Redmi A7 Pro,Xiaomi,Both,Unisoc,T8300,6,LPDDR4X,UFS 2.2,IPS LCD,6.9,0,120,800,,254,6300,15,8.2,Plastic,Plastic,210,21-04-2026,1,1,32,,,,,,,"1, 30",8,"1, 30",3,646000,876,2069,Stereo,0,52,15000
Redmi Note 12 ,Xiaomi,Offline,Snapdragon,4 Gen 1,6,LPDDR4X,UFS 2.2,Amoled,6.67,0,120,700,"Corning, GG 3",395,5000,33,8,Plastic,Plastic,188,05-01-2023,3,2,48,,8,Useless,2,,,"1, 30",13,"1, 30",3,360745,862,2017,Mono,0,53,18000
Redmi Note 12 Pro,Xiaomi,Offline,Mediatek,Dimensity 1080,6,LPDDR4X,UFS 2.2,Amoled,6.67,0,120,900,"Corning, GG 5",395,5000,67,8,Glass,Plastic,187,05-01-2023,3,2,50,Sony IMX 766,8,Useless,2,,,"4, 30",16,"1, 60",3,490526,961,2208,Stereo,0,53,27000
Redmi Note 12 Pro+,Xiaomi,Offline,Mediatek,Dimensity 1080,6,LPDDR4X,UFS 2.2,Amoled,6.67,0,120,900,"Corning, GG 5",395,5000,120,8.9,Glass,Plastic,208,05-01-2023,3,2,108,Samsung HPX,8,Useless,2,,,"4, 30",16,"1, 60",3,498710,983,2208,Stereo,0,53,30000
Redmi Note 13,Xiaomi,Offline,Mediatek,Dimensity 6080,6,LPDDR4X,UFS 2.2,Amoled,6.67,0,120,1200,"Corning, GG 5",395,5000,33,7.6,Plastic,Plastic,174,04-01-2024,3,2,108,Samsung,8,Useless,2,,,"1, 30",16,"1, 30",3,453830,737,1905,Stereo,0,54,17000
Redmi Note 13 Pro,Xiaomi,Offline,Snapdragon,7s Gen 2,4,LPDDR4X,UFS 2.2,Amoled,6.67,0,120,1200,"Corning, GG Victus",446,5100,67,8,Glass,Plastic,187,04-01-2024,3,2,200,Samsung,8,Useless,2,,,"4, 30",16,"1, 30",3,581979,1024,2751,Stereo,0,54,26000
Redmi Note 13 Pro+,Xiaomi,Offline,Mediatek,Dimensity 7200,4,LPDDR5,UFS 3.1,Amoled,6.67,1,120,1200,"Corning, GG Victus",446,5000,120,8.9,Glass,Plastic,204,04-01-2024,3,2,200,Samsung HP 3,8,Useless,2,,,"4, 30",16,"1, 60",3,779812,1127,2597,Stereo,0,68,32000
Redmi Note 14,Xiaomi,Offline,Mediatek,Dimensity 7025,6,LPDDR4X,UFS 2.2,Amoled,6.67,0,120,1200,"Corning, GG 5",395,5110,45,8,Plastic,Plastic,190,09-12-2024,3,2,108,Samsung,8,Useless,2,,,"1, 30",20,"1, 30",3,463129,948,2258,Stereo,0,64,19000
Redmi Note 14 Pro,Xiaomi,Offline,Mediatek,Dimensity 7300,4,LPDDR4X,UFS 2.2,Amoled,6.67,1,120,1200,"Corning, GG Victus 2",446,5500,45,8.5,Plastic,Plastic,190,09-12-2024,3,2,50,Sony LYT 600,8,Useless,2,,,"4, 30",20,"1, 60",4,636846,1031,2919,Stereo,0,68,25000
Redmi Note 14 Pro+,Xiaomi,Offline,Snapdragon,7s Gen 3,4,LPDDR4X,UFS 2.2,Amoled,6.67,1,120,1200,"Corning, GG Victus 2",446,6200,90,8.8,Glass,Plastic,210,09-12-2024,3,3,50,Omnivision Light Hunter 800,8,Telephoto - 2.5x,50,,,"4, 30",20,"1, 60",4,725812,1168,3234,Stereo,0,68,31000
Redmi Note 15,Xiaomi,Offline,Snapdragon,6 Gen 3,4,LPDDR4X,UFS 2.2,Amoled,6.77,1,120,,,388,5520,45,7.35,Plastic,Plastic,178,06-01-2026,2,2,108,,8,,,,,"4, 30",20,"1, 30",3,597923,1020,2853,Stereo,0,66,27000
Redmi Note 15 Pro,Xiaomi,Offline,Mediatek,Dimensity 7400,4,LPDDR4X,UFS 2.2,Amoled,6.83,0,120,1900,"Corning, GG Victus 2",447,6580,45,8,Plastic,Plastic,210,29-01-2026,2,2,200,Samsung HPE,8,,,,,"4, 30",20,"1, 60",3,778000,1043,2913,Stereo,0,69,32000
Redmi Note 15 Pro+,Xiaomi,Offline,Snapdragon,7s Gen 4,4,LPDDR4X,UFS 2.2,Amoled,6.83,1,120,,"Corning, GG Victus 2",447,6500,100,8.5,Plastic,Plastic,207,29-01-2026,2,2,200,Samsung HPE,8,,,,,"4, 30",32,"1, 60",3,817755,1241,3228,Stereo,0,69,40000
Redmi Note 15 SE,Xiaomi,Both,Snapdragon,6 Gen 3,4,LPDDR4X,UFS 2.2,Amoled,6.77,1,120,,,388,5800,45,7.35,Plastic,Plastic,178,03-02-2026,2,1,50,,,Useless,2,,,"4, 30",20,"1, 30",3,597923,1020,2853,Stereo,0,66,23000
Redmi Turbo 5,Xiaomi,Online,Mediatek,Dimensity 8500,4,LPDDR5X,UFS 4.1,Amoled,6.59,0,120,2000,"Corning, GG 7i",460,7540,100,8.2,Glass,Aluminium,205,16-06-2026,2,2,50,Sony IMX 882,8,,,,,"4, 60",20,"1, 60",3,2133558,1708,6686,Stereo,0,69,38000
Tecno Pop X,Tecno,Offline,Mediatek,Dimensity 6400,6,LPDDR4X,UFS 2.2,IPS LCD,6.78,0,120,560,,256,6500,45,8.2,Plastic,Plastic,210,20-04-2026,1,1,13,,,,,,,"1, 30",8,"1, 30",4,521017,789,2029,Mono,0,64,16000
Tecno Pova 7,Tecno,Both,Mediatek,Dimensity 7300,4,LPDDR4X,UFS 2.2,IPS LCD,6.78,0,144,900,,396,6000,45,8.9,Plastic,Plastic,205,04-07-2025,2,2,50,,8,,,,,"4, 30",13,"1, 30",3,675148,934,2582,Stereo,0,64,15000
Tecno Pova 7 Pro,Tecno,Both,Mediatek,Dimensity 7300,4,LPDDR5,UFS 2.2,Amoled,6.78,0,144,,"Corning, GG 7i",440,6000,45,8.2,Plastic,Plastic,195,04-07-2025,2,1,64,Sony IMX 682,,Useless,2,,,"4, 30",13,"1, 30",3,700234,1055,3087,Stereo,1,64,19000
Tecno Pova 8,Tecno,Both,Mediatek,Dimensity 7100,6,LPDDR5X,UFS 2.2,IPS LCD,6.76,0,144,950,"Corning, GG 7i",380,8000,45,8.8,Plastic,Plastic,225,11-06-2026,2,1,50,Sony LYT 600,,Useless,2,,,"2, 30",13,"2, 30",3,768617,974,2750,Stereo,0,64,30000
Tecno Pova Curve,Tecno,Both,Mediatek,Dimensity 7300,4,LPDDR5,UFS 2.2,Amoled,6.78,1,144,,"Corning, GG 5",393,5500,45,7.5,Plastic,Plastic,175,29-05-2025,2,1,64,Sony IMX 682,,Useless,2,,,"4, 30",13,"4, 30",3,673166,1010,3085,Stereo,0,64,16000
Tecno Pova Curve 2,Tecno,Both,Mediatek,Dimensity 7100,6,LPDDR5X,UFS 2.2,Amoled,6.78,1,144,,"Corning, GG 7i",429,8000,45,7.4,Plastic,Plastic,195,13-02-2026,2,1,50,,,Useless,2,,,"2, 30",13,"2, 30",3,768617,974,2750,Mono,0,64,28000
Tecno Pova Slim,Tecno,Both,Mediatek,Dimensity 6400,6,LPDDR4X,UFS 2.2,Amoled,6.78,1,144,,"Corning, GG 7i",440,5160,45,5.95,Plastic,Plastic,156,04-09-2025,2,1,50,,,Useless,2,,,"2, 30",13,"1, 30",3,459998,768,1981,Mono,0,64,20000
Tecno Spark 50,Tecno,Offline,Mediatek,Dimensity 6400,6,LPDDR4X,UFS 2.2,IPS LCD,6.78,0,120,560,,256,6500,45,8.2,Plastic,Plastic,210,27-03-2026,1,1,50,,,,,,,"1, 30",8,"1, 30",4,521017,789,2029,Mono,0,64,17000
Vivo T4,Vivo,Online,Snapdragon,7s Gen 3,4,LPDDR4X,UFS 2.2,Amoled,6.77,1,120,1300,"Schott Xensation,",388,7300,90,7.89,Plastic,Plastic,199,22-04-2025,2,1,50,Sony IMX 882,,Useless,2,,,"4, 30",32,"4, 30",2,817797,1178,4089,Mono,0,65,25000
Vivo T4 Lite,Vivo,Online,Mediatek,Dimensity 6300,6,LPDDR4X,UFS 2.2,IPS LCD,6.74,0,90,1000,,260,6000,15,8.1,Plastic,Plastic,205,24-06-2025,2,1,50,Sony,,Useless,2,,,"1, 30",5,"1, 30",2,436326,789,2024,Mono,0,64,17000
Vivo T4 Pro,Vivo,Online,Snapdragon,7 Gen 4,4,LPDDR4X,UFS 2.2,Amoled,6.77,1,120,1500,Diamond Shield Glass,388,6500,90,7.5,Plastic,Plastic,192,26-08-2025,3,2,50,Sony IMX 882,,Telephoto - 3x,50,Useless,2,"4, 30",32,"4, 30",2,1021716,1261,3641,Stereo,0,69,28000
Vivo T4 Ultra,Vivo,Online,Mediatek,Dimensity 9300+,4,LPDDR5,UFS 3.1,Amoled,6.67,1,120,1600,"Shield Glass, ",460,5500,90,7.5,Glass,Plastic,192,11-07-2025,3,3,50,Sony IMX 921,8,Telephoto - 3x,50,,,"4, 60",32,"4, 60",2,1945481,2238,7101,Stereo,0,64,38000
Vivo T4R,Vivo,Online,Mediatek,Dimensity 7400,4,LPDDR4X,UFS 2.2,Amoled,6.77,1,120,1300,"Schott Xensation,",387,5700,45,7.4,Plastic,Plastic,184,31-07-2025,2,1,50,Sony IMX 882,,Useless,2,,,"4, 30",32,"4, 30",2,703123,1033,2989,Stereo,0,69,23000
Vivo T4x,Vivo,Online,Mediatek,Dimensity 7300,4,LPDDR4X,UFS 3.1,IPS LCD,6.72,0,120,1050,"Panda Glass, ",393,6500,44,8.1,Plastic,Plastic,204,05-03-2025,2,1,50,Sony IMX 882,,Useless,2,,,"4, 30",8,"1, 30",2,696062,1029,2831,Stereo,0,64,17000
Vivo T5 Pro,Vivo,Online,Snapdragon,7s Gen 4,4,LPDDR4X,UFS 3.1,Amoled,6.83,0,144,2000,,450,9020,90,8.3,Plastic,Plastic,214,15-04-2026,2,1,50,Sony IMX 882,,Useless,2,,,"4, 30",32,"4, 30",2,1167329,1214,3146,Stereo,0,69,36000
Vivo T5x,Vivo,Online,Mediatek,Dimensity 7400,4,LPDDR4X,UFS 3.1,IPS LCD,6.76,0,120,1200,Titan Glass,382,7200,44,8.4,Plastic,Plastic,219,17-03-2026,2,1,50,Sony IMX 852,,Useless,2,,,"4, 30",32,"4, 30",2,951584,1057,2704,Stereo,0,69,28000
Vivo V50,Vivo,Offline,Snapdragon,7 Gen 3,4,LPDDR4X,UFS 2.2,Amoled,6.77,1,120,1300,"Schott Xensation, Alpha",388,6000,90,7.5,Glass,Plastic,199,17-02-2025,2,2,50,Omnivision OV50E,50,,,,,"4, 30",50,"4, 30",3,806071,1178,3136,Stereo,0,69,35000
Vivo V60,Vivo,Offline,Snapdragon,7 Gen 4,4,LPDDR4X,UFS 2.2,Amoled,6.77,1,120,1500,"Schott Xensation, Core",388,6500,90,7.5,Glass,Plastic,199,12-08-2025,3,3,50,Sony IMX 766,8,Telephoto - 3x,50,,,"4, 30",50,"4, 30",3,983301,1255,3562,Stereo,0,69,37000
Vivo V60e,Vivo,Offline,Mediatek,Dimensity 7360,4,LPDDR4X,UFS 2.2,Amoled,6.77,1,120,1600,Diamond Shield Glass,388,6500,90,7.5,Plastic,Plastic,190,07-10-2025,2,2,200,Samsung,8,,,,,"4, 30",50,"1, 30",2,882692,993,2804,Stereo,0,69,30000
Vivo V70,Vivo,Offline,Snapdragon,7 Gen 4,4,LPDDR5X,UFS 4.1,Amoled,6.59,0,120,1800,"Schott Xensation, Core",459,6500,90,7.6,Glass,Aluminium,194,19-02-2026,3,3,50,Sony LYT 700,8,Telephoto - 3x,50,,,"4, 60",50,"4, 30",2,1437195,1314,3920,Stereo,0,69,54000
Vivo V70 Elite,Vivo,Offline,Snapdragon,8s Gen 3,4,LPDDR5X,UFS 4.1,Amoled,6.59,0,120,1800,"Schott Xensation, Core",459,6500,90,7.6,Glass,Aluminium,194,19-02-2026,3,3,50,Sony LYT 700,8,Telephoto - 3x,50,,,"4, 60",50,"4, 30",3,1810321,1953,4880,Stereo,0,69,59000
Vivo V70 FE,Vivo,Offline,Mediatek,Dimensity 7360,4,LPDDR5,UFS 3.1,Amoled,6.83,0,120,1900,,449,7000,90,7.7,Plastic,Plastic,202,02-04-2026,2,2,200,Samsung HP5,8,,,,,"4, 30",50,"4, 30",2,990352,1023,3035,Stereo,0,69,38000
Vivo X200,Vivo,Flagship,Mediatek,Dimensity 9400,3,LPDDR5X,UFS 4.0,Amoled,6.67,1,120,1600,"Schott Xensation, Alpha",460,5800,90,8,Glass,Aluminium,202,14-10-2024,3,3,50,Sony IMX 921,50,Telephoto - 3x,50,,,"4, 60",32,"4, 60",2,2632874,2693,8706,Stereo,0,69,66000
Vivo X200 FE,Vivo,Both,Mediatek,Dimensity 9300+,4,LPDDR5X,UFS 3.1,Amoled,6.31,0,120,1800,"Schott Xensation,",461,6500,90,8,Glass,Aluminium,186,23-07-2025,3,3,50,Sony IMX 921,8,Telephoto - 3x,50,,,"4, 60",50,"4, 60",3,1919065,2087,6808,Stereo,0,69,55000
Vivo X200 Pro,Vivo,Flagship,Mediatek,Dimensity 9400,3,LPDDR5X,UFS 4.0,Amoled,6.78,1,120,1800,"Armor Glass, ",452,6000,90,8.5,Glass,Aluminium,228,14-10-2024,3,3,50,Sony LYT 818,50,Telephoto - 3.7x,200,,,"4, 60",32,"1, 60",2,2545562,2685,7741,Stereo,1,69,95000
Vivo X200T,Vivo,Online,Mediatek,Dimensity 9400+,3,LPDDR5X,UFS 4.1,Amoled,6.67,0,120,1600,"Schott Xensation, Core",460,6200,90,8,Glass,Aluminium,203,27-01-2026,3,3,50,Sony IMX 921,50,Telephoto - 3x,50,,,"4, 60",32,"4, 60",2,2825042,2684,8390,Stereo,1,69,60000
Vivo X300,Vivo,Flagship,Mediatek,Dimensity 9500,3,LPDDR5X,UFS 4.1,Amoled,6.31,0,120,2000,"Schott Xensation, Alpha",460,6040,90,8,Glass,Aluminium,190,02-12-2025,3,3,200,Samsung HPB,50,Telephoto - 3x,50,,,"4, 120",50,"4, 60",3,3416530,3379,10127,Stereo,1,69,76000
Vivo X300 FE,Vivo,Flagship,Snapdragon,8 Gen 5,3,LPDDR5X,UFS 4.1,Amoled,6.31,0,120,1800,"Schott Xensation, Alpha",460,6500,90,8.2,Glass,Aluminium,190,06-05-2026,3,3,50,Sony IMX 921,50,Telephoto - 3x,50,,,"4, 60",50,"4, 60",3,2895309,2701,8180,Stereo,1,69,80000
Vivo X300 Pro,Vivo,Flagship,Mediatek,Dimensity 9500,3,LPDDR5X,UFS 4.1,Amoled,6.78,0,120,2150,"Armor Glass, ",452,6510,90,8,Glass,Aluminium,226,02-12-2025,3,3,50,Sony LYT 828,50,Telephoto - 3.5x,200,,,"4, 120",50,"4, 60",2,3646540,3447,10378,Stereo,1,69,110000
Vivo X300 Ultra,Vivo,Flagship,Snapdragon,8 Elite Gen 5,3,LPDDR5X,UFS 4.1,Amoled,6.82,0,120,1800,,510,6600,100,8.2,Glass,Aluminium,237,06-05-2026,3,3,200,Sony LYT 901,50,Telephoto - 3.7x,50,,,"4, 120",50,"4, 60",2,3955695,3722,11494,Stereo,1,69,160000
Xiaomi 14 ,Xiaomi,Flagship,Snapdragon,8 Gen 3,4,LPDDR5X,UFS 4.0,Amoled,6.36,0,120,1000,"Corning, GG Victus",460,4610,90,8.3,Glass,Aluminium,193,11-03-2024,3,3,50,Omnivision Light Fusion 900,50,Telephoto - 3.2x,50,,,"4, 60",32,"4, 30",3,2003429,2148,6810,Stereo,1,68,70000
Xiaomi 14 Civi,Xiaomi,Online,Snapdragon,8s Gen 3,4,LPDDR5X,UFS 4.0,Amoled,6.55,1,120,,"Corning, GG Victus 2",460,4700,67,7.8,Glass,Aluminium,179,12-06-2024,3,3,50,Omnivision Light Fusion 800,12,Telephoto - 2x,50,,,"4, 60",32,"4, 30",6,1523226,1952,5352,Stereo,0,52,43000
Xiaomi 15,Xiaomi,Flagship,Snapdragon,8 Elite,3,LPDDR5X,UFS 4.0,Amoled,6.36,0,120,1000,"Xiaomi Shield Glass, 2",460,5240,90,8.4,Glass,Aluminium,192,29-10-2024,3,3,50,Omnivision Light Fusion 900,50,Telephoto - 2.6x,50,,,"4, 60",32,"4, 60",3,2632963,3180,9419,Stereo,1,68,65000
Xiaomi 17,Xiaomi,Flagship,Snapdragon,8 Elite Gen 5,3,LPDDR5X,UFS 4.1,Amoled,6.3,0,120,1100,"Xiaomi Shield Glass, 3",460,6330,100,8.1,Glass,Aluminium,191,11-03-2026,3,3,50,Omnivision Light Fusion 950,50,Telephoto - 2.6x,50,,,"4, 60",50,"4, 60",3,3722197,3566,10459,Stereo,1,69,100000
Xiaomi 17 Ultra,Xiaomi,Flagship,Snapdragon,8 Elite Gen 5,3,LPDDR5X,UFS 4.1,Amoled,6.9,0,120,1150,"Xiaomi Shield Glass, 3",416,6000,100,8.3,Glass,Aluminium,220,12-03-2026,3,3,50,Omnivision Light Fusion 1050L,50,Telephoto - 4.3x,200,,,"4, 60",50,"4, 60",2,3866687,3618,10896,Stereo,1,69,140000
Xiaomi 17T,Xiaomi,Both,Mediatek,Dimensity 8500,4,LPDDR5X,UFS 4.1,Amoled,6.59,0,120,1100,"Corning, GG 7i",460,6500,67,8.2,Plastic,Plastic,200,04-06-2026,3,3,50,Omnivision Light Fusion 800,12,Telephoto - 5x,50,,,"4, 60",32,"4, 60",3,2137999,1704,6650,Stereo,0,69,60000
Nothing Phone 4b,Nothing,Both,Snapdragon,6 Gen 4,4,LPDDR4X,UFS 2.2,Amoled,6.77,0,120,1200,,381,6000,33,8.6,Plastic,Plastic,210,07-07-2026,2,2,50,Samsung JN1,8,,,,,"4, 30",16,"1, 60",4,1025914,1088,3155,Stereo,0,64,35000
Moto G77 Power,Motorola,Both,Mediatek,Dimensity 6400,6,LPDDR4X,UFS 2.2,IPS LCD,6.72,0,120,1050,"Corning, GG 7i",391,7000,33,8.9,Plastic,Plastic,215,08-07-2026,2,2,50,Sony LYT 600,8,,,,,"1, 60",32,"1, 60",3,570353,751,2138,Stereo,0,64,26000
